{
  "high_scoring_wallets": [
    {
      "wallet_id": "0x003c52a71c887461087154eccced08cb1c5384a5",
      "credit_score": 100,
      "transaction_count": 67,
      "unique_assets": 6,
      "transaction_types": {
        "repays": 32,
        "borrows": 17,
        "deposits": 12,
        "withdraws": 6
      },
      "total_volume_usd": 129772.5078766202,
      "repay_ratio": 1.0344956727883068,
      "liquidation_ratio": 0.0,
      "account_age_days": 291.73905092592594,
      "is_liquidator": false,
      "key_strengths": [
        "Excellent repayment behavior",
        "No liquidation history",
        "Active and consistent protocol usage",
        "Diversified asset portfolio",
        "Long-term protocol participant",
        "Normal transaction patterns"
      ],
      "asset_distribution": {
        "USDC": 0.3880597014925373,
        "DAI": 0.34328358208955223,
        "ETH": 0.1791044776119403,
        "REP": 0.029850746268656716,
        "BAT": 0.029850746268656716,
        "ZRX": 0.029850746268656716
      },
      "avg_tx_size": 1936.9031026361224,
      "max_tx_size": 18542.276059465476,
      "hour_distribution": {
        "11": 0.1791044776119403,
        "23": 0.13432835820895522,
        "3": 0.07462686567164178,
        "12": 0.07462686567164178,
        "0": 0.07462686567164178,
        "1": 0.07462686567164178,
        "2": 0.05970149253731343,
        "5": 0.05970149253731343,
        "22": 0.05970149253731343,
        "18": 0.04477611940298507,
        "20": 0.029850746268656716,
        "10": 0.029850746268656716,
        "19": 0.029850746268656716,
        "9": 0.029850746268656716,
        "8": 0.014925373134328358,
        "6": 0.014925373134328358,
        "21": 0.014925373134328358
      },
      "weekday_distribution": {
        "0": 0.23880597014925373,
        "4": 0.16417910447761194,
        "2": 0.14925373134328357,
        "6": 0.13432835820895522,
        "5": 0.11940298507462686,
        "3": 0.1044776119402985,
        "1": 0.08955223880597014
      }
    },
    {
      "wallet_id": "0xd19604efb40ece1efd6df5de6d3892112b51e99a",
      "credit_score": 100,
      "transaction_count": 47,
      "unique_assets": 6,
      "transaction_types": {
        "deposits": 23,
        "withdraws": 13,
        "borrows": 6,
        "repays": 5
      },
      "total_volume_usd": 38661.91622899404,
      "repay_ratio": 1.0273947734083873,
      "liquidation_ratio": 0.0,
      "account_age_days": 293.92805555555555,
      "is_liquidator": false,
      "key_strengths": [
        "Excellent repayment behavior",
        "No liquidation history",
        "Active and consistent protocol usage",
        "Diversified asset portfolio",
        "Long-term protocol participant",
        "Normal transaction patterns"
      ],
      "asset_distribution": {
        "DAI": 0.40425531914893614,
        "USDC": 0.3617021276595745,
        "ZRX": 0.1276595744680851,
        "ETH": 0.06382978723404255,
        "BAT": 0.02127659574468085,
        "WBTC": 0.02127659574468085
      },
      "avg_tx_size": 822.5939623190222,
      "max_tx_size": 3071.182986627236,
      "hour_distribution": {
        "21": 0.10638297872340426,
        "0": 0.10638297872340426,
        "14": 0.0851063829787234,
        "18": 0.0851063829787234,
        "2": 0.0851063829787234,
        "17": 0.06382978723404255,
        "22": 0.06382978723404255,
        "15": 0.06382978723404255,
        "5": 0.06382978723404255,
        "12": 0.0425531914893617,
        "13": 0.0425531914893617,
        "19": 0.0425531914893617,
        "3": 0.0425531914893617,
        "1": 0.0425531914893617,
        "11": 0.02127659574468085,
        "4": 0.02127659574468085,
        "23": 0.02127659574468085
      },
      "weekday_distribution": {
        "3": 0.2765957446808511,
        "4": 0.2765957446808511,
        "5": 0.23404255319148937,
        "2": 0.0851063829787234,
        "1": 0.0851063829787234,
        "0": 0.02127659574468085,
        "6": 0.02127659574468085
      }
    },
    {
      "wallet_id": "0x869a032b284481f4ad359ac75cd017eddee5c23c",
      "credit_score": 100,
      "transaction_count": 22,
      "unique_assets": 5,
      "transaction_types": {
        "deposits": 13,
        "repays": 4,
        "withdraws": 3,
        "borrows": 2
      },
      "total_volume_usd": 19.578206201371753,
      "repay_ratio": 1.330252949800668,
      "liquidation_ratio": 0.0,
      "account_age_days": 249.2327662037037,
      "is_liquidator": false,
      "key_strengths": [
        "Excellent repayment behavior",
        "No liquidation history",
        "Active and consistent protocol usage",
        "Diversified asset portfolio",
        "Long-term protocol participant",
        "Normal transaction patterns"
      ],
      "asset_distribution": {
        "DAI": 0.4090909090909091,
        "ETH": 0.2727272727272727,
        "ZRX": 0.13636363636363635,
        "BAT": 0.13636363636363635,
        "REP": 0.045454545454545456
      },
      "avg_tx_size": 0.8899184636987161,
      "max_tx_size": 3.1006927666339896,
      "hour_distribution": {
        "0": 0.18181818181818182,
        "23": 0.18181818181818182,
        "17": 0.13636363636363635,
        "18": 0.13636363636363635,
        "1": 0.09090909090909091,
        "4": 0.09090909090909091,
        "22": 0.09090909090909091,
        "2": 0.045454545454545456,
        "15": 0.045454545454545456
      },
      "weekday_distribution": {
        "0": 0.3181818181818182,
        "5": 0.22727272727272727,
        "4": 0.13636363636363635,
        "6": 0.13636363636363635,
        "1": 0.13636363636363635,
        "2": 0.045454545454545456
      }
    },
    {
      "wallet_id": "0xc95be28595eb64485dac63ad14f15e41c94ee468",
      "credit_score": 100,
      "transaction_count": 10,
      "unique_assets": 6,
      "transaction_types": {
        "deposits": 7,
        "repays": 2,
        "borrows": 1
      },
      "total_volume_usd": 2085.6790744594146,
      "repay_ratio": 1.00000138,
      "liquidation_ratio": 0.0,
      "account_age_days": 310.8537962962963,
      "is_liquidator": false,
      "key_strengths": [
        "Excellent repayment behavior",
        "No liquidation history",
        "Diversified asset portfolio",
        "Long-term protocol participant",
        "Normal transaction patterns"
      ],
      "asset_distribution": {
        "DAI": 0.3,
        "USDC": 0.3,
        "BAT": 0.1,
        "REP": 0.1,
        "ZRX": 0.1,
        "ETH": 0.1
      },
      "avg_tx_size": 208.56790744594144,
      "max_tx_size": 775.5555856077177,
      "hour_distribution": {
        "8": 0.4,
        "1": 0.3,
        "10": 0.1,
        "2": 0.1,
        "5": 0.1
      },
      "weekday_distribution": {
        "3": 0.5,
        "1": 0.2,
        "6": 0.2,
        "5": 0.1
      }
    },
    {
      "wallet_id": "0x5445f987ff43fe2b2c31b86ebfc585a3d6b02120",
      "credit_score": 100,
      "transaction_count": 19,
      "unique_assets": 5,
      "transaction_types": {
        "borrows": 9,
        "repays": 7,
        "deposits": 3
      },
      "total_volume_usd": 7882.360988417142,
      "repay_ratio": 0.9707942075345734,
      "liquidation_ratio": 0.0,
      "account_age_days": 247.47072916666667,
      "is_liquidator": false,
      "key_strengths": [
        "Excellent repayment behavior",
        "No liquidation history",
        "Active and consistent protocol usage",
        "Diversified asset portfolio",
        "Long-term protocol participant",
        "Normal transaction patterns"
      ],
      "asset_distribution": {
        "REP": 0.3684210526315789,
        "USDC": 0.3684210526315789,
        "ETH": 0.10526315789473684,
        "WBTC": 0.10526315789473684,
        "BAT": 0.05263157894736842
      },
      "avg_tx_size": 414.8611046535338,
      "max_tx_size": 2457.359720532514,
      "hour_distribution": {
        "0": 0.15789473684210525,
        "23": 0.15789473684210525,
        "1": 0.10526315789473684,